Date,REALIZED_VOLATILITY,HAR_Forecast,LSTM_Full_Forecast,LSTM_Simple_Forecast
2022-03-07,0.0733443137922985,0.07141776899401699,0.041520204,0.07008027
2022-03-08,0.0776533478722099,0.07393423576716943,0.0420643,0.070553236
2022-03-09,0.07859068981188728,0.07878813076653518,0.042594057,0.07045079
2022-03-10,0.08828533114661956,0.07953505045005053,0.043150626,0.0706362
2022-03-11,0.08839475509846059,0.09037443832225467,0.043606617,0.07140083
2022-03-14,0.0844633855064614,0.0897583971306911,0.04420952,0.07364967
2022-03-15,0.084925239543775,0.08456436997749842,0.045026194,0.07710583
2022-03-16,0.0846239879756739,0.08479837147998298,0.04600986,0.08015579
2022-03-17,0.08167058077561248,0.08417154974422773,0.04698435,0.08171823
2022-03-18,0.08134800620874666,0.08090591171742324,0.04778965,0.08178476
2022-03-21,0.08142469685272404,0.0808114181596987,0.048271544,0.080663666
2022-03-22,0.07994680847688677,0.08102441126831257,0.048375282,0.07903994
2022-03-23,0.08020633190412065,0.07945814121110036,0.048264552,0.07762323
2022-03-24,0.08198370223331053,0.07994982877874539,0.048004366,0.07663733
2022-03-25,0.0832108841029684,0.08205814497105632,0.04753112,0.07604967
2022-03-28,0.07618876811607353,0.08344106674566674,0.04693914,0.07593549
2022-03-29,0.0752170533529141,0.07524777314134963,0.046409644,0.076300114
2022-03-30,0.07701422198363118,0.07428296496380943,0.04582534,0.07603635
2022-03-31,0.07358447342402698,0.07656859037753748,0.045188695,0.074637756
2022-04-01,0.07319491771666087,0.07281645532696875,0.04456742,0.072581574
2022-04-04,0.0723275910568579,0.07277393447459853,0.04387181,0.0701431
2022-04-05,0.07159172112729574,0.07189842318506699,0.043057084,0.06765345
2022-04-06,0.0632858188802699,0.07117082641789019,0.0422118,0.06543229
2022-04-07,0.06827444424656325,0.06180936050940234,0.04148789,0.06369542
2022-04-08,0.05871400249189136,0.06801255829892183,0.040834606,0.061481386
2022-04-11,0.0580496004273066,0.05718386460156578,0.0405111,0.059443127
2022-04-12,0.053761589531500384,0.057004427096893545,0.040342554,0.057171185
2022-04-13,0.05503958043253006,0.052637431312521965,0.040205047,0.05471483
2022-04-14,0.05415058131614077,0.05452801361207353,0.039989863,0.05204832
2022-04-15,0.05361942044842974,0.05407322828429219,0.039760076,0.04976334
2022-04-18,0.05355283982238122,0.05366384443208796,0.039493468,0.04820007
2022-04-19,0.05359098716363317,0.053784511502778284,0.03916721,0.047401696
2022-04-20,0.05155260607032485,0.05384686270723231,0.038846754,0.047393523
2022-04-21,0.05125423959286408,0.051563736439235834,0.038642284,0.047719173
2022-04-22,0.046733684335038286,0.051339071307429984,0.038478725,0.047810037
2022-04-25,0.04631457721135664,0.04622864674420241,0.038313057,0.047402177
2022-04-26,0.04631617014350222,0.04604603483828519,0.038130593,0.046016376
2022-04-27,0.045983651726574815,0.04636924244367443,0.038002945,0.04388592
2022-04-28,0.04509178023350777,0.046217625988438545,0.03784668,0.041647904
2022-04-29,0.04486692830368945,0.04542126348619814,0.037695784,0.03997768
2022-05-02,0.04504225172397922,0.04524211584419518,0.037529092,0.03914492
2022-05-03,0.0449758428726974,0.04551578462602979,0.037334688,0.0391238
2022-05-04,0.03701680668181759,0.04550271905537093,0.037139583,0.039496735
2022-05-05,0.04368959820780916,0.03636314903379169,0.036915258,0.040160537
2022-05-06,0.04470302231976663,0.0444238126094039,0.03670027,0.03999737
2022-05-09,0.04785935622857517,0.045650806532457,0.036523424,0.03979135
2022-05-10,0.050403664049268805,0.04931835388920259,0.036329646,0.039744247
2022-05-11,0.0504843197808919,0.05213798800206077,0.036253404,0.040389385
2022-05-12,0.049270374160434255,0.05166553380959882,0.036228623,0.04235948
2022-05-13,0.04912325409725527,0.04997630263846697,0.036217436,0.04524522
2022-05-16,0.04876638293425689,0.04961449870590073,0.036205225,0.04776236
2022-05-17,0.05011048601150204,0.049150421186712624,0.036156155,0.04908964
2022-05-18,0.05473597363418387,0.050773822795094674,0.036025006,0.04898588
2022-05-19,0.05733245212297052,0.05613268321493114,0.035943184,0.048096437
2022-05-20,0.060127519104563626,0.05889889894930093,0.035895254,0.047750596
2022-05-23,0.061974640286355284,0.0617764343576033,0.03598848,0.04889525
2022-05-24,0.0638193799694323,0.06342438597703248,0.036071658,0.051531795
2022-05-25,0.06396686862153336,0.06504607531961847,0.03625721,0.055216674
2022-05-26,0.06310391255511115,0.0648249233621718,0.03661757,0.059119023
2022-05-27,0.06091881930315732,0.06354073803782322,0.03697129,0.06233893
2022-05-30,0.06084888193260428,0.06088510212123672,0.037314266,0.06420424
2022-05-31,0.06145305589938904,0.06084377444564701,0.037666127,0.06443023
2022-06-01,0.06142644791659465,0.06166217058861973,0.037957203,0.06340686
2022-06-02,0.061297060045627925,0.06173256794840925,0.038203575,0.06189054
2022-06-03,0.057704363148610285,0.061648756405806374,0.038231783,0.060607072
2022-06-06,0.05464094121715435,0.05747537123287586,0.038123593,0.059705958
2022-06-07,0.052046055035283006,0.05406623459325756,0.037885923,0.05886913
2022-06-08,0.04968963027750779,0.05135524732881566,0.037518952,0.057681862
2022-06-09,0.049449133826919976,0.049030612695391135,0.036995374,0.05591401
2022-06-10,0.049221952497004146,0.04924578343011617,0.036345027,0.053620826
2022-06-13,0.051486033752468165,0.04933415841065132,0.035691652,0.051205307
2022-06-14,0.05153574054941385,0.05217889385981724,0.03513788,0.04904239
2022-06-15,0.05048110643172242,0.05225926624683708,0.034674443,0.047570102
2022-06-16,0.046330251195930254,0.050962006636494576,0.034281213,0.046919968
2022-06-17,0.04201155678439323,0.04612439217729372,0.03392222,0.046850424
2022-06-20,0.03749911571104361,0.041262462901971046,0.03361851,0.046621617
2022-06-21,0.033246390381360874,0.03645853112651544,0.033496648,0.04550242
2022-06-22,0.0312402598986584,0.03215065473369179,0.0333621,0.04328939
2022-06-23,0.031051581331348697,0.03057510907526827,0.033152323,0.040201712
2022-06-24,0.03127430049179867,0.03100875514626188,0.032832954,0.036830414
2022-06-27,0.03112846105324464,0.031742329299637204,0.032445434,0.03400498
2022-06-28,0.03189283969878178,0.03184891778500121,0.032038994,0.032708842
2022-06-29,0.039836331622481874,0.03283168103482976,0.031675532,0.03277488
2022-06-30,0.04130796688681927,0.04198749219541802,0.03138613,0.033430412
2022-07-01,0.041153072441561536,0.04332151109000933,0.03121379,0.035084642
2022-07-04,0.039073309956142506,0.04272358585570711,0.031112919,0.037415255
2022-07-05,0.03728585811043713,0.03990308633990505,0.031075124,0.039967928
2022-07-06,0.0405683651683083,0.03754037096170461,0.03117926,0.04233731
2022-07-07,0.043109325493974976,0.04144537608557353,0.031479746,0.042931754
2022-07-08,0.04337962249048449,0.04441513656744595,0.031903796,0.041888442
2022-07-11,0.04339883387689528,0.04464649571965124,0.032377712,0.04043746
2022-07-12,0.041456793528772934,0.04448796414049832,0.032965768,0.03954754
2022-07-13,0.04140161033758906,0.04198768065052554,0.033710428,0.039583858
2022-07-14,0.04142093462320122,0.04188964732120899,0.034667417,0.040150397
2022-07-15,0.04066022119635914,0.04198788748267278,0.03579653,0.04085367
2022-07-18,0.04212122350745641,0.041195575338693495,0.036899466,0.041415744
2022-07-19,0.04295048222097654,0.043001002712411064,0.037891872,0.04180092
2022-07-20,0.04425664382485528,0.043930448005244316,0.038734682,0.042117465
2022-07-21,0.04403451682342601,0.04537129992900129,0.03938124,0.042497322
2022-07-22,0.04613415865306955,0.04499067512941176,0.03988008,0.04300465
2022-07-25,0.04577120173533631,0.04726791979188214,0.0403073,0.04344159
2022-07-26,0.04688808939904695,0.04667330606274185,0.040622585,0.04374417
2022-07-27,0.046618614268139305,0.047838518184583304,0.040889464,0.04376038
2022-07-28,0.03863384556724851,0.04741027010616088,0.041059032,0.04353258
2022-07-29,0.039942381805058644,0.0380742419322369,0.04113308,0.043192524
2022-08-01,0.04369002802959394,0.039904181871884936,0.040993713,0.04193849
2022-08-02,0.045042899089270845,0.04448008024996567,0.04072802,0.040028818
2022-08-03,0.047625343450442365,0.046177345284137965,0.040379323,0.038507488
2022-08-04,0.049375629773989724,0.049224579656824266,0.040083814,0.038226105
2022-08-05,0.04726472766072185,0.050860779876961006,0.039881997,0.039581254
2022-08-08,0.04795048840827829,0.048019589954287394,0.03990531,0.04237712
2022-08-09,0.04841983862272536,0.04865841618270107,0.040067054,0.04537803
2022-08-10,0.04804934468372545,0.04907549097417784,0.040334687,0.047984086
2022-08-11,0.05252017359569491,0.04861219326444833,0.040683452,0.049777795
2022-08-12,0.05553273937354677,0.05382946294010584,0.040994566,0.050627843
2022-08-15,0.05542519467860735,0.05708173832803866,0.041323062,0.05120818
2022-08-16,0.05510942258726023,0.05663092409646023,0.041765258,0.05220611
2022-08-17,0.055744221377536374,0.05596389903556651,0.04225606,0.053674452
2022-08-18,0.0564785808129008,0.05639293780231763,0.042792268,0.05513055
2022-08-19,0.059115779420906844,0.057099839736971955,0.043344628,0.056148484
2022-08-22,0.0586604964150678,0.060101159632344595,0.043892156,0.056588
2022-08-23,0.05852445623309193,0.05941360391783516,0.04446025,0.056833576
2022-08-24,0.05812110712269207,0.059101520111301244,0.045018483,0.057058096
2022-08-25,0.05795008922988566,0.05851337067563305,0.045554847,0.057260185
2022-08-26,0.05807630082024216,0.05824233836887861,0.04602132,0.05733391
2022-08-29,0.05673897727845058,0.058433726197271954,0.04647361,0.057221625
2022-08-30,0.05378915687345065,0.05690749041116816,0.046886362,0.057001386
2022-08-31,0.05427385261457489,0.05357092053203233,0.047282375,0.05660134
2022-09-01,0.051917727206254205,0.05431111821682852,0.047663353,0.05578956
2022-09-02,0.047625224663052856,0.05174300766268394,0.04798927,0.054579604
2022-09-05,0.04763205576366935,0.047045676076557914,0.048307423,0.05313026
2022-09-06,0.04649993982855131,0.04744098664126079,0.0486376,0.051288024
2022-09-07,0.046034389060248745,0.04639475236710837,0.048783563,0.0492026
2022-09-08,0.047379696473659416,0.046187554101105394,0.048780434,0.04706807
2022-09-09,0.04188151551324703,0.04799173000713147,0.04868193,0.045086995
2022-09-12,0.03551124329282572,0.04165270888525309,0.048540097,0.043615684
2022-09-13,0.03786556818294629,0.03454357895852486,0.048380755,0.042243347
2022-09-14,0.03938657156745811,0.03773571688942673,0.048269227,0.040143266
2022-09-15,0.03542918692597999,0.03984495546659463,0.048184805,0.037557382
2022-09-16,0.038216114932623016,0.035619301674270756,0.04818088,0.035286855
2022-09-19,0.034688834013518084,0.03911859527553794,0.048220884,0.033530943
2022-09-20,0.033987710812981964,0.034936446843262164,0.04828573,0.032652967
2022-09-21,0.03408369393945414,0.03426986936980461,0.04838538,0.032377925
2022-09-22,0.0363516458601247,0.03461824415757896,0.048505835,0.032374598
2022-09-23,0.05618345005859256,0.037302833479473885,0.0486055,0.032475173
2022-09-26,0.056457374461175415,0.0602924632915938,0.048730038,0.03279059
2022-09-27,0.05783790209217396,0.05969708432388454,0.04896019,0.03554568
2022-09-28,0.057762110668042634,0.06033824989742829,0.049343333,0.04177629
2022-09-29,0.05781198962554332,0.05924211581738844,0.049866404,0.049939882
2022-09-30,0.056995628284831366,0.05838961735869043,0.050507948,0.05727859
2022-10-03,0.05692428123313952,0.0573765048657364,0.051246684,0.06151568
2022-10-04,0.057032668081919445,0.05726953881539944,0.052018322,0.061920438
2022-10-05,0.05723420839550754,0.05743033247271748,0.052730575,0.059608933
2022-10-06,0.05738477634045953,0.057690854222732235,0.05337553,0.056531634
2022-10-07,0.060902237943121974,0.05788561973332132,0.054013908,0.05424521
2022-10-10,0.06255137648196117,0.06192745099228602,0.054606337,0.05340617
2022-10-11,0.06640513302174783,0.06365855486808555,0.055203635,0.05428287
2022-10-12,0.06469565143935772,0.06786787755426685,0.05698328,0.056520894
2022-10-13,0.0650997647505198,0.06549391132866648,0.05892111,0.059664898
2022-10-14,0.06421686354680006,0.06564119502947874,0.06081939,0.06258724
2022-10-17,0.06319493017601108,0.06443467088433028,0.062778145,0.06436797
2022-10-18,0.06368679660361196,0.06317401009539939,0.064668015,0.06439312
2022-10-19,0.06354154984337806,0.06386982580846501,0.06636848,0.062611625
2022-10-20,0.06799618029059847,0.06373506109430897,0.06800027,0.05954387
2022-10-21,0.06902727081404227,0.06893567295754228,0.069388606,0.05601515
2022-10-24,0.058547630629802734,0.06995452256592721,0.07073133,0.053474676
2022-10-25,0.0586509521346708,0.05759328559336953,0.07189302,0.05272867
2022-10-26,0.05931395843756803,0.0579299342112123,0.07301857,0.052780084
2022-10-27,0.06196233926754668,0.05890245213177286,0.07391432,0.05297086
2022-10-28,0.062279133520313314,0.062328990906688066,0.07451994,0.05333631
2022-10-31,0.06317211726153564,0.06299328680851282,0.07502502,0.054390736
2022-11-01,0.06598210054631698,0.06386466686667973,0.075420596,0.05624298
2022-11-02,0.0660283633398838,0.06691583014262521,0.07582525,0.058575787
2022-11-03,0.06618619586916749,0.0666831576330281,0.07642788,0.061143365
2022-11-04,0.06693647985142961,0.06668979967390579,0.07726643,0.06350669
2022-11-07,0.06762277974516546,0.06738740642615594,0.078109935,0.06517593
2022-11-08,0.06407708059973397,0.06801697325154227,0.07894863,0.06597188
2022-11-09,0.06423065029407425,0.06385024199582931,0.07982623,0.06603887
2022-11-10,0.06408876232372213,0.06410989761289534,0.08085309,0.065161265
2022-11-11,0.0730326553604438,0.06402977588053466,0.08177078,0.063581
2022-11-14,0.07308122878216014,0.07447986158229886,0.082566336,0.06176853
2022-11-15,0.07617675892380771,0.0743036457361738,0.08340063,0.061226588
2022-11-16,0.07612071131587958,0.07749338797137838,0.08447859,0.06237013
2022-11-17,0.07860658754118457,0.07691720853467779,0.08600901,0.06502203
2022-11-18,0.07150449028328892,0.07927315653379122,0.08797549,0.06821091
2022-11-21,0.07141283723039386,0.07082948002920958,0.09036716,0.07118596
2022-11-22,0.07158932250234093,0.07078936556108925,0.09288204,0.07234996
2022-11-23,0.07069380643413904,0.07119457436513435,0.09534097,0.07147091
2022-11-24,0.0697426742075033,0.07034827658588305,0.09755449,0.069458574
2022-11-25,0.06795788354474175,0.06958160960907862,0.09938929,0.06728892
2022-11-28,0.06551193795282016,0.06759165195168833,0.1008096,0.065600544
2022-11-29,0.06509951166787953,0.06491151713777928,0.10199095,0.0645393
2022-11-30,0.06097722571212611,0.06469207266779689,0.102832444,0.06368893
2022-12-01,0.06207416482848013,0.06016817107382123,0.103247,0.06278825
2022-12-02,0.06099090433783084,0.06180873308326371,0.10333796,0.061322387
2022-12-05,0.06241008497316432,0.06080878389062853,0.10332732,0.05937763
2022-12-06,0.05946562143583842,0.06264140531484352,0.103279084,0.057278283
2022-12-07,0.06234280755204809,0.05935662806317153,0.1032604,0.055562563
2022-12-08,0.059497517178324306,0.06274632463864245,0.10322577,0.054030314
2022-12-09,0.059330073561678756,0.05944957803336462,0.103193,0.052944228
2022-12-12,0.04322478352373527,0.05932119550935961,0.1031067,0.05217775
2022-12-13,0.04345448020013247,0.04085406625885644,0.1022788,0.051476613
2022-12-14,0.04195741433741273,0.04181878640568251,0.10123677,0.049158517
2022-12-15,0.041984440206581285,0.04090163434242597,0.099906184,0.04509987
2022-12-16,0.040814242204923384,0.041688940643761226,0.09839269,0.040686347
2022-12-19,0.04162637310107244,0.04108532983961803,0.09686701,0.03749897
2022-12-20,0.04241255922777891,0.04213837682761256,0.09529935,0.036037076
2022-12-21,0.0418309207160483,0.04313405330110278,0.09379947,0.035994817
2022-12-22,0.0425497528021939,0.042452864585270846,0.092390046,0.037121795
2022-12-23,0.042200983554504405,0.04329963864867944,0.091269635,0.038808923
2022-12-26,0.04440359559929256,0.042832748083218006,0.090343386,0.040395577
2022-12-27,0.04561639729235841,0.045361433664363245,0.08957785,0.041392975
2022-12-28,0.046172698143630425,0.046685546661638266,0.08906757,0.0418444
2022-12-29,0.046065443272367446,0.04717408234890978,0.08886695,0.042024855
2022-12-30,0.04295438486454951,0.04690286886157844,0.088893466,0.04221259
2023-01-02,0.042457925021145045,0.04315104677550796,0.08912313,0.042482197
2023-01-03,0.04189760372929115,0.04264570305583567,0.0894596,0.0423382
2023-01-04,0.037620198203139846,0.042138957126670394,0.08989413,0.04166357
2023-01-05,0.032941975617048334,0.03738753823656437,0.09040442,0.04066034
2023-01-06,0.032463795749468206,0.03235068065338398,0.09093608,0.039388232
2023-01-09,0.03636444059813163,0.03223339748277586,0.09138354,0.03798959
2023-01-10,0.03606278202885967,0.03717149659467304,0.09165504,0.036560945
2023-01-11,0.04085249811809062,0.03706576880370004,0.09181843,0.03568449
2023-01-12,0.039971257168271344,0.04266579044523216,0.09183001,0.03561766
2023-01-13,0.044308888732281504,0.04131320034646262,0.09175306,0.036580533
2023-01-16,0.041706909021447476,0.04600461438419101,0.09160438,0.038089585
2023-01-17,0.04575960876451179,0.04266168688826254,0.091519035,0.039982516
2023-01-18,0.04570681067780541,0.04710215319196762,0.09154813,0.04191729
2023-01-19,0.04549291925782539,0.04683149613091991,0.09177455,0.043241717
2023-01-20,0.04387143052126998,0.046339919732905514,0.09218404,0.043814443
2023-01-23,0.044440016849520425,0.044415816738931635,0.09260625,0.043654025
2023-01-24,0.05051582750890724,0.0449801381384518,0.093026966,0.042859558
2023-01-25,0.0487142799104835,0.0520521426843209,0.093381576,0.041876223
2023-01-26,0.04866321564965524,0.04976540359254812,0.09377,0.041845784
2023-01-27,0.048291191419601046,0.04953382684180012,0.06841653,0.044886835
2023-01-30,0.048564528224918524,0.04890180418337387,0.068118304,0.047194142
2023-01-31,0.04888555559704516,0.04905417223764941,0.06792682,0.049302194
2023-02-01,0.049970304401070066,0.0495048928857877,0.06766848,0.050807208
2023-02-02,0.04967016693729769,0.050747141636295505,0.067472816,0.05164844
2023-02-03,0.052164684132674694,0.050342979938402595,0.06722898,0.05221257
2023-02-06,0.05290985793783688,0.053159117378710215,0.06704047,0.05256352
2023-02-07,0.0552859781342189,0.053860679833102686,0.06683236,0.05295911
2023-02-08,0.055074702120383935,0.05642586536538998,0.066600606,0.05326743
2023-02-09,0.049270204369726844,0.0559516223053075,0.06638212,0.05371657
2023-02-10,0.049774293519721374,0.04901970777224823,0.06620845,0.054178547
2023-02-13,0.0432263205318139,0.04972043757546921,0.06601873,0.053294238
2023-02-14,0.043020307801688806,0.04229363013455901,0.06588166,0.05124528
2023-02-15,0.04175410068389383,0.042564412913762686,0.065742165,0.04788742
2023-02-16,0.04176154799758139,0.04161081773466806,0.06563515,0.044107914
2023-02-17,0.04149162536212244,0.04193746950125849,0.0655265,0.0407772
2023-02-20,0.03988830815622243,0.041964975160359984,0.06542055,0.038542237
2023-02-21,0.037479265904738934,0.040189403809844634,0.065299325,0.03749639
2023-02-22,0.032424812043824046,0.037542992167272256,0.06517172,0.03716911
2023-02-23,0.03256599624646549,0.03189327080008181,0.0650828,0.036863245
2023-02-24,0.033957815830262895,0.03245577654398382,0.06494801,0.03586863
2023-02-27,0.035079313561851226,0.034443375697125675,0.06492851,0.034768753
2023-02-28,0.0378062905998521,0.035992363890856416,0.06493832,0.0343719
2023-03-01,0.037913481708427725,0.03924461090870991,0.0648577,0.034593474
2023-03-02,0.038956344642193504,0.039145238107820085,0.06474977,0.03545562
2023-03-03,0.03898114260478092,0.040127022140273014,0.06463948,0.036591213
2023-03-06,0.04593071733486173,0.03994880064328107,0.06450967,0.03780705
2023-03-07,0.04565764384040023,0.047807025137721525,0.06435093,0.03872232
2023-03-08,0.040358396162304945,0.04715175070531231,0.064245045,0.040638607
2023-03-09,0.04047983619760106,0.040713254793740314,0.06422701,0.043403894
2023-03-10,0.040603537354445836,0.040799422692561836,0.0642092,0.045097068
2023-03-13,0.04041104332171034,0.04088401368785447,0.064146705,0.0452328
2023-03-14,0.04532670463735705,0.04088932598719298,0.06412944,0.04448698
2023-03-15,0.04536633462333485,0.04678567070551093,0.06409439,0.04363749
2023-03-16,0.04734515465544664,0.04662134285544536,0.06412036,0.044073083
2023-03-17,0.047194552587358406,0.04869796687381134,0.06419398,0.045770656
2023-03-20,0.04730496449437288,0.04823822108160878,0.064221114,0.048249412
2023-03-21,0.04720446086236633,0.04807794268480006,0.064308405,0.050689537
2023-03-22,0.04760760429331214,0.04787662900720601,0.06436979,0.052442126
2023-03-23,0.047429906362950386,0.04826185212466784,0.064460844,0.053233407
2023-03-24,0.04853429688920022,0.048042281457307906,0.06455337,0.05316974
2023-03-27,0.0479619407980656,0.04930155515657265,0.06464244,0.052307382
2023-03-28,0.04611544815005901,0.04858385688300101,0.06477985,0.050940685
2023-03-29,0.044986886142506975,0.04641651453030168,0.06489771,0.049244523
2023-03-30,0.045244372493399125,0.04517338060199192,0.06504993,0.047258113
2023-03-31,0.04482863766636197,0.04557096281638647,0.06522839,0.045273595
2023-04-03,0.04496311392288674,0.04522736204232063,0.06539929,0.043898456
2023-04-04,0.035169161480976575,0.045512538520635096,0.06558735,0.043349992
2023-04-05,0.03479315899287278,0.03425801364962695,0.06579668,0.043533724
2023-04-06,0.03428041243976474,0.03424150344345382,0.06597479,0.04272239
2023-04-07,0.03433238052355116,0.03409393413669545,0.06613195,0.040979408
2023-04-10,0.03433136485674739,0.03460042400158481,0.06628785,0.039148707
2023-04-11,0.03452202956881223,0.03504927730585711,0.06643777,0.03764283
2023-04-12,0.02830853417769104,0.03530673048151715,0.066585466,0.03659451
2023-04-13,0.02829276298786062,0.02815055577164845,0.06667295,0.036016658
2023-04-14,0.02347378212030157,0.028389810505906027,0.06670278,0.03494725
2023-04-17,0.025045717366063577,0.023089619646313196,0.06675124,0.03342959
2023-04-18,0.026242231879758673,0.025369098409588862,0.0668046,0.031339407
2023-04-19,0.026796901430941544,0.027156598227151156,0.06685135,0.02979096
2023-04-20,0.027997638526958916,0.027890899297264488,0.06682013,0.02910887
2023-04-21,0.02850378532601736,0.029346423951430133,0.06681123,0.029007556
2023-04-24,0.026637345314388734,0.02974656603150251,0.06677986,0.029353015
2023-04-25,0.02755529636070336,0.027453703942344962,0.066721484,0.029946532
2023-04-26,0.027996119168667344,0.028503763401536035,0.066623226,0.03039312
2023-04-27,0.029397858843516488,0.02898745769500692,0.066551365,0.030745234
2023-04-28,0.029007325523855564,0.0306111676222889,0.06642633,0.031168098
2023-05-01,0.028417758967125065,0.03012821061835176,0.06640179,0.03182904
2023-05-02,0.028147488209718817,0.02935362925740988,0.06622887,0.032497413
2023-05-03,0.02814270110139639,0.029011054132551457,0.066035844,0.033061247
2023-05-04,0.028150397137383643,0.029004914928845372,0.065808885,0.033406306
2023-05-05,0.027466376766274864,0.029069088248960012,0.06559726,0.03355648
2023-05-08,0.02706031757321523,0.02831819451061309,0.06540053,0.03353997
2023-05-09,0.027076494766535703,0.027892072542492104,0.06523043,0.0333119
2023-05-10,0.030064597309532808,0.027959038226326734,0.065140575,0.033026922
2023-05-11,0.0308779358931112,0.031454354444729105,0.065101214,0.0327784
2023-05-12,0.0314997376747015,0.03231372202933558,0.06499416,0.03295277
2023-05-15,0.029001123012213866,0.03288658133987655,0.06492416,0.033508755
2023-05-16,0.028404039822158618,0.029815333577903256,0.064840436,0.03409722
2023-05-17,0.02773539956264491,0.02904338533229394,0.06472694,0.03408465
2023-05-18,0.028113206043963068,0.028340671564811737,0.06464514,0.033339158
2023-05-19,0.028752347181727627,0.028908511144291257,0.0646026,0.032209866
2023-05-22,0.027816225509511943,0.029788240257082443,0.06454659,0.031201815
2023-05-23,0.02775995166409491,0.028718293283845342,0.06448726,0.030684017
2023-05-24,0.0256636127093086,0.028678362887921537,0.06440365,0.03054701
2023-05-25,0.02699828205375194,0.026258023980247354,0.06432986,0.030561766
2023-05-26,0.024439540517787132,0.027901929956897994,0.06428618,0.03035507
2023-05-29,0.025980438600734023,0.025023702259541505,0.06423351,0.03013484
2023-05-30,0.0258950950518595,0.026945684315472656,0.06420575,0.029868774
2023-05-31,0.02602900211337669,0.026923224071487634,0.06420742,0.029783633
2023-06-01,0.026103106559080123,0.02706884761979903,0.06416431,0.029895931
2023-06-02,0.03180061651840434,0.02719592102719901,0.064043164,0.030069588
2023-06-05,0.03186887339543906,0.03370075902725754,0.063803606,0.030115018
2023-06-06,0.0319823966397829,0.03353303909081541,0.06344115,0.030648945
2023-06-07,0.0319951079856545,0.03341082138848072,0.06324157,0.03166865
2023-06-08,0.029613856394888265,0.03317295984662424,0.062888026,0.032683793
2023-06-09,0.02895767857484605,0.03017534470937033,0.06262793,0.033317927
2023-06-12,0.02827094263730347,0.029510487552552294,0.06220552,0.033198047
2023-06-13,0.02847678086010112,0.028841397182963982,0.06183167,0.032490585
2023-06-14,0.028432317940618977,0.029236395419787602,0.061612964,0.03157826
2023-06-15,0.03022644036587971,0.029333512607701142,0.061284043,0.030814962
2023-06-16,0.029701226194679575,0.03145348490501981,0.060874164,0.03028326
2023-06-19,0.026649906611082734,0.030793139710369007,0.06053762,0.03017036
2023-06-20,0.02533916676959932,0.027211480497979727,0.060216572,0.030358044
2023-06-21,0.025387517899581005,0.02577674098176938,0.059865624,0.030352578
2023-06-22,0.024962666411215566,0.025963708932492193,0.059586853,0.029990675
2023-06-23,0.024294851190008786,0.025678179740800406,0.059262566,0.029483387
2023-06-26,0.024534884566592113,0.025107498508166702,0.05898334,0.02894589
2023-06-27,0.023944371662816915,0.025484622831445477,0.058633234,0.028304398
2023-06-28,0.02391832398109289,0.024837098096952278,0.05825319,0.027546143
2023-06-29,0.02335030743415047,0.024868545939995487,0.057978142,0.026792131
2023-06-30,0.023589779856586123,0.024257804104058457,0.05773921,0.026082795
2023-07-03,0.017419026632129624,0.024574841737258626,0.057502802,0.025511507
2023-07-04,0.017165333629504533,0.017495226987834154,0.057293557,0.025190946
2023-07-05,0.016671168057570046,0.017482365380250536,0.057013694,0.024496898
2023-07-06,0.024048491732750782,0.017201729732674403,0.056746945,0.023644079
2023-07-07,0.02859588817368958,0.026000930165851175,0.056562454,0.022975834
2023-07-10,0.02881535545889679,0.03123146721713421,0.056450844,0.023356946
2023-07-11,0.02902824906616397,0.031014125171491855,0.056358397,0.02525016
2023-07-12,0.02916345207164001,0.030768961553102187,0.056243367,0.027911058
2023-07-13,0.0336884334471159,0.030404052708803954,0.0561635,0.030326016
2023-07-14,0.03211676218004495,0.035409579224197345,0.056053218,0.03187955
2023-07-17,0.031626632973226765,0.03337969001927378,0.05595384,0.033242915
2023-07-18,0.031640914386837235,0.03267439035377422,0.055823136,0.034372613
2023-07-19,0.03153280556585853,0.032580728445699356,0.055688333,0.03503539
2023-07-20,0.03154074507594335,0.0323498875497051,0.055560753,0.03519088
2023-07-21,0.031456949467177225,0.03244775224626449,0.05543599,0.034935936
2023-07-24,0.03171457221103375,0.03237322382549046,0.05533664,0.034379557
2023-07-25,0.032463242200645524,0.03267541312390133,0.055256806,0.033937365
2023-07-26,0.03301527869914838,0.033533640964489936,0.05515006,0.033836126
2023-07-27,0.03303532458760152,0.03412870362864499,0.055035282,0.034167293
2023-07-28,0.03710485816850074,0.0340865972674675,0.05485484,0.03479495
2023-07-31,0.0375233335020914,0.03871271521263688,0.054735724,0.035386194
2023-08-01,0.037536931439072836,0.03896375536065418,0.054634698,0.036145188
2023-08-02,0.037006835567130754,0.03876146750938808,0.054543633,0.036957532
2023-08-03,0.0407912159108778,0.037952390738498605,0.054484025,0.037454247
2023-08-04,0.03771840981483557,0.04214496839103409,0.05443333,0.03722931
2023-08-07,0.03451558203204853,0.038435736964966355,0.05437662,0.03686136
2023-08-08,0.03394441521874106,0.03472716014420886,0.05430605,0.036307577
2023-08-09,0.03386772522268002,0.034193377161591564,0.05428471,0.03535131
2023-08-10,0.03329527122126734,0.03423216160696285,0.05425165,0.0342635
2023-08-11,0.027999406683563766,0.033861677578584486,0.05427707,0.03348607
2023-08-14,0.028104220656725753,0.027935845190178162,0.054264147,0.03311288
2023-08-15,0.030674579750287485,0.028333291831167028,0.05426629,0.032506067
2023-08-16,0.030790347131886702,0.03154662064637917,0.054255325,0.031802084
2023-08-17,0.0307450225668232,0.03181506934065351,0.054222327,0.031604353
2023-08-18,0.031684518865058894,0.03186860504386365,0.05425228,0.0319881
2023-08-21,0.03166833622125316,0.032837254616584655,0.05427093,0.03260848
2023-08-22,0.03137913982602137,0.03266767914178978,0.0543263,0.033318043
2023-08-23,0.030007908732149452,0.03229203805389927,0.05439534,0.033808112
2023-08-24,0.03857177892831178,0.030685111017406373,0.054447953,0.033917654
2023-08-25,0.03867726895123548,0.04059867294611153,0.054486096,0.033482786
2023-08-28,0.03508763216656917,0.04042830150672863,0.054582264,0.033735566
2023-08-29,0.03457142392358503,0.035989048085683886,0.054634783,0.034855332
2023-08-30,0.03573438858680203,0.03523784315259675,0.05470078,0.03581014
2023-08-31,0.036569437549490054,0.036388493652167675,0.054780137,0.035980824
2023-09-01,0.03186720958278321,0.03747220759792326,0.054828454,0.035728723
2023-09-04,0.03179127734888412,0.03213537137838615,0.054901775,0.03564688
2023-09-05,0.03161077093624047,0.03218650319937914,0.054969944,0.035324294
2023-09-06,0.034795322725762905,0.03209739146580624,0.055026423,0.03481642
2023-09-07,0.035244013510870455,0.03594671743045845,0.055103544,0.034382995
2023-09-08,0.035274875018407814,0.03653891144812524,0.055139683,0.034556795
2023-09-11,0.036391429390323846,0.03643177092655634,0.055200644,0.03533238
2023-09-12,0.036408491847814944,0.037572681260752666,0.055261962,0.03637859
2023-09-13,0.0335360113582606,0.03738806372310936,0.055362813,0.037454437
2023-09-14,0.033845269034739896,0.0340027557569461,0.05545007,0.03820732
2023-09-15,0.03405096206699527,0.03443058637934172,0.055578493,0.038068276
2023-09-18,0.03367833189656073,0.03472711968443031,0.055663645,0.03719049
2023-09-19,0.03430718872983868,0.03439463097749828,0.055738248,0.036076844
2023-09-20,0.0343267166978925,0.03523460531774221,0.055839878,0.035028875
2023-09-21,0.034600525663942276,0.03522374090423929,0.055932835,0.034253567
2023-09-22,0.027263916633059174,0.035518387548778105,0.056038417,0.033786606
2023-09-25,0.027196152488932226,0.027028105368310174,0.05614115,0.03366291
2023-09-26,0.027240438779766805,0.027224055756767007,0.056276813,0.033006217
2023-09-27,0.029212164481461793,0.027578709711811263,0.056455314,0.032123752
2023-09-28,0.02789458362367158,0.03015510545521719,0.05662742,0.03155893
2023-09-29,0.02695776662783419,0.028863649091243802,0.05682043,0.031722013
2023-10-02,0.027965771679622616,0.027758790241509564,0.056942355,0.03218874
2023-10-03,0.030759662584400455,0.02893524319721385,0.05706016,0.032526776
2023-10-04,0.03147823872946149,0.03212982842100538,0.057161696,0.032738935
2023-10-05,0.029362140939204383,0.03289412848104489,0.05725951,0.033143368
2023-10-06,0.030196087568804132,0.03030146003278935,0.057358157,0.033806875
2023-10-09,0.03047247753233162,0.031164288009820088,0.057464454,0.034209773
2023-10-10,0.02971356877287492,0.031390965341998325,0.05758923,0.034329534
2023-10-11,0.02943163466771252,0.03052902312914304,0.057679225,0.03427961
2023-10-12,0.029079593583399708,0.030280347045507576,0.057790373,0.03400297
2023-10-13,0.028915405428935424,0.029873597282164013,0.057908,0.033516776
2023-10-16,0.02872480690584442,0.029732713986957055,0.058015194,0.03295243
2023-10-17,0.028913989176543493,0.029580082040941775,0.05811443,0.032454416
2023-10-18,0.028154662100746648,0.029841861296219095,0.058212887,0.032127745
2023-10-19,0.028030883262033814,0.028989133649097474,0.058331262,0.032080818
2023-10-20,0.02835125826871794,0.02888738764746133,0.058425337,0.032247756
2023-10-23,0.027020779614496303,0.029296487555487787,0.0585081,0.032566685
2023-10-24,0.027466179199911685,0.027779158009080186,0.058570277,0.032934934
2023-10-25,0.027430612977282408,0.02837294726476041,0.05864399,0.033058923
2023-10-26,0.026062034970563405,0.028360824399226006,0.058667514,0.032808334
2023-10-27,0.02631447302818254,0.026806878939934123,0.058663063,0.032316834
2023-10-30,0.026796138001482808,0.027195696036760045,0.058617257,0.031595223
2023-10-31,0.02637084173486383,0.027781779942369998,0.05862038,0.030881817
2023-11-01,0.02257550640286521,0.02731932698315769,0.058639012,0.030354554
2023-11-02,0.08171988933961537,0.022985171731621252,0.058662225,0.029949015
2023-11-03,0.11681461502306283,0.09138029028925244,0.05868581,0.02919572
2023-11-06,0.11649636215791173,0.12952364169491154,0.058725033,0.03588294
2023-11-07,0.1164480765099863,0.12533358177830217,0.058823053,0.063640356
2023-11-08,0.11628587367116171,0.12145091577118532,0.058940187,0.10478652
2023-11-09,0.11628463664112894,0.11727903509922662,0.059068516,0.13697678
2023-11-10,0.11635384613673021,0.11579152715958539,0.059201166,0.14870262
2023-11-13,0.11634505043792563,0.1158639540351537,0.05936994,0.14624359
2023-11-14,0.11641992971745566,0.11582990260638748,0.059580512,0.14114977
2023-11-15,0.11671666645478243,0.11589068477566253,0.059841976,0.13949452
2023-11-16,0.11702630214472268,0.11619738315321002,0.060142986,0.14073892
2023-11-17,0.11705408116718463,0.11650637357358462,0.060485166,0.14248554
2023-11-20,0.117113016882063,0.11647963923813726,0.06082799,0.14347859
2023-11-21,0.11711022182010142,0.11648726294297297,0.06120385,0.14423744
2023-11-22,0.11695464509967218,0.1164244182138342,0.061614998,0.1459884
2023-11-23,0.11717927901963006,0.11619744766341072,0.062078413,0.14850698
2023-11-24,0.1173449553840947,0.11642900121335803,0.06255973,0.14933938
2023-11-27,0.11726595334177835,0.11658414141670846,0.06305083,0.1457444
2023-11-28,0.11715222832061753,0.11645192935000168,0.06360374,0.13595274
2023-11-29,0.11706407603195837,0.11628297570295251,0.06417458,0.12128347
2023-11-30,0.11712526211025029,0.11614197050853006,0.06475953,0.10396566
2023-12-01,0.08311540685307173,0.11618634709353402,0.06534087,0.08701046
2023-12-04,0.022244315555689915,0.07691997440114397,0.06593292,0.075022005
2023-12-05,0.02337229615647676,0.008120583431420116,0.06652331,0.06497485
2023-12-06,0.023713640874078148,0.01345342264461109,0.067087345,0.055315588
2023-12-07,0.02374626296574731,0.017826843376627363,0.06762652,0.050660264
2023-12-08,0.023871878216435684,0.021832098004067192,0.068169266,0.050404094
2023-12-11,0.02370418630432752,0.024510232229392203,0.06868971,0.05053283
2023-12-12,0.02399169659532571,0.024279827897890977,0.06916107,0.04856402
2023-12-13,0.02363708586722143,0.02462934489829735,0.06959775,0.04557982
2023-12-14,0.0221627418851165,0.02424009921984888,0.06996242,0.043838475
2023-12-15,0.02054160935281344,0.02257528076528215,0.07025629,0.04430477
2023-12-18,0.023084947047116507,0.020809106305727288,0.07047523,0.04607739
2023-12-19,0.02204794629359878,0.023910124429631575,0.07070656,0.047545105
2023-12-20,0.021984331362522747,0.022783958458042777,0.0708754,0.04849117
2023-12-21,0.023292436962333195,0.022779416676489656,0.06654735,0.030271715
2023-12-22,0.022074122610110415,0.02432426538698437,0.065918684,0.028253473
2023-12-25,0.020639793748661272,0.022835410964852008,0.06533092,0.025808372
2023-12-26,0.02062865944645741,0.021255337111586777,0.064765066,0.023657328
2023-12-27,0.020496354937318443,0.021332114429727645,0.064225815,0.02242621
2023-12-28,0.020706100462768454,0.02126707035490748,0.063721485,0.022625407
2023-12-29,0.04513367253813757,0.021656322311225773,0.06328839,0.024122046
2024-01-01,0.06144520783406892,0.04988843491188346,0.062941335,0.02640589
2024-01-02,0.06121773425787514,0.06768108787005468,0.06267084,0.034457207
2024-01-03,0.06065709787284972,0.06572012996618994,0.062436745,0.05174177
2024-01-04,0.060578144519735845,0.06336000681195905,0.062250618,0.06893738
2024-01-05,0.06065607512136181,0.061587588221272124,0.062108453,0.075723454
2024-01-08,0.060611592981202736,0.06102021071919154,0.062104415,0.071874924
2024-01-09,0.06073982052535833,0.060990199816614146,0.062108,0.06668122
2024-01-10,0.06079549900009865,0.06115158355038157,0.06213214,0.0644411
2024-01-11,0.060855846715939604,0.06120049721697597,0.062195785,0.06369774
2024-01-12,0.06077792721565806,0.06124923789405852,0.06226544,0.06207857
2024-01-15,0.06130270800209704,0.06113927644498971,0.062331416,0.05949418
2024-01-16,0.060437816727635554,0.06172467103156285,0.06239358,0.05742833
2024-01-17,0.061182063300699946,0.06069169623897335,0.062492363,0.056946535
2024-01-18,0.061288305426433855,0.06155224961517828,0.062578686,0.05741676
2024-01-19,0.06082997917253435,0.06164857703392095,0.06262787,0.058602992
2024-01-22,0.060581740880742925,0.06108668511122495,0.062714785,0.06027016
2024-01-23,0.060574684868505944,0.06080849349845076,0.06274465,0.061635375
2024-01-24,0.06081508040613585,0.060782101606860164,0.06276292,0.061759885
2024-01-25,0.06103912184102944,0.06107175546252892,0.06280615,0.060130633
2024-01-26,0.06096282596429183,0.06133688048305149,0.06290094,0.05776338
2024-01-29,0.04412673647228891,0.0612273408520253,0.06281774,0.055308696
2024-01-30,0.01895487490456125,0.04180086421635846,0.06260416,0.053549524
2024-01-31,0.018945016826481382,0.013486731743259076,0.062282745,0.048748817
2024-02-01,0.018879480506243808,0.01523826943287544,0.06189923,0.03791992
2024-02-02,0.019210572661781954,0.01693536297223555,0.06143346,0.028351346
2024-02-05,0.01938378719196214,0.019088825979133996,0.060939457,0.024497652
2024-02-06,0.01988912226601839,0.020342825091335295,0.060373846,0.024540128
2024-02-07,0.01903297678432373,0.020920250463256056,0.05982322,0.02493317
2024-02-08,0.01885245753263054,0.019907336937940435,0.0591466,0.02452759
2024-02-09,0.018372175151543876,0.019706201494858876,0.05842128,0.02393387
2024-02-12,0.018282457392258592,0.01918114903299759,0.057758696,0.023319565
2024-02-13,0.016071002273645933,0.01913356893914158,0.057073712,0.022506062
2024-02-14,0.01637622212955721,0.016666294936568644,0.056360982,0.021405421
2024-02-15,0.013318011924337084,0.017156125001012403,0.055635504,0.019838756
2024-02-16,0.012760867391152866,0.013750098164472218,0.054921124,0.018222656
2024-02-19,0.0127680746225237,0.013334624694097463,0.05419156,0.016250297
2024-02-20,0.012712322433695548,0.013589115905657766,0.05349123,0.014201917
2024-02-21,0.01490801817161465,0.013678199980525697,0.052867837,0.0129172
2024-02-22,0.014639087364177523,0.016376320154380626,0.052264735,0.013368268
2024-02-23,0.014033160347170991,0.01601454729391093,0.05161632,0.015774539
2024-02-26,0.013825553780916738,0.015252620566498247,0.05105004,0.018359626
2024-02-27,0.013835372336598113,0.014975507334753177,0.0505288,0.019641109
2024-02-28,0.014464000197171444,0.014955288971580933,0.050223425,0.020716093
2024-02-29,0.014437192754107717,0.015734025599152518,0.049935754,0.021440387
2024-03-01,0.014293719002149841,0.015711884750299367,0.04974513,0.021937322
2024-03-04,0.013566790294517708,0.015531129875466981,0.04958006,0.022076879
2024-03-05,0.013496178514044384,0.014675490379573965,0.049409386,0.021634571
2024-03-06,0.012647557917292714,0.014607154178969751,0.049210414,0.02112872
2024-03-07,0.012827430276891764,0.013671732480435645,0.04910763,0.02083114
2024-03-08,0.012891828854329532,0.013956066828735706,0.04903893,0.020464754
2024-03-11,0.01288419400505159,0.014093515260759741,0.04890546,0.019856077
2024-03-12,0.012867981444489633,0.014114821896119324,0.048795156,0.019212093
2024-03-13,0.013160732611332146,0.014123463498506947,0.04868958,0.018886117
2024-03-14,0.012535712973495837,0.014453267935145632,0.048555646,0.019044086
2024-03-15,0.013897703658670406,0.013720146415546905,0.048444323,0.019547101
2024-03-18,0.014181880596740352,0.015305471677204596,0.04833295,0.020037526
2024-03-19,0.014193997967426137,0.015590346924125689,0.048222605,0.020609578
2024-03-20,0.016184709690888206,0.015548946816338947,0.048154518,0.02130587
2024-03-21,0.01379652990623506,0.017798916052238052,0.048078816,0.022008691
2024-03-22,0.014818001963336826,0.014893768371556674,0.047978107,0.022930576
2024-03-25,0.020436467955195575,0.016075241883528435,0.047920085,0.023686942
2024-03-26,0.022220449200153758,0.0225219318588759,0.047824953,0.024322022
2024-03-27,0.022477134265037956,0.024314434854558795,0.047653377,0.025465013
2024-03-28,0.02224930975090127,0.02435526540029812,0.047509536,0.027407086
2024-03-29,0.022113988812512808,0.02372725673733087,0.047324087,0.028721182
2024-04-01,0.022195184025029412,0.023258308123047616,0.04716737,0.029353376
2024-04-02,0.02188694390343844,0.023279310428156733,0.04696613,0.029324643
2024-04-03,0.022104538732434936,0.022922713479827644,0.04682713,0.02896765
2024-04-04,0.022009854606728222,0.02319543436043361,0.046672262,0.028498001
2024-04-05,0.021893913814831044,0.02308965598190607,0.04655832,0.028046845
2024-04-08,0.023288435319825173,0.022957448628953443,0.046492293,0.02768797
2024-04-09,0.023370564712743833,0.02457385717063259,0.0464135,0.027388092
2024-04-10,0.023550946576077564,0.024606606301238367,0.046302818,0.027348232
2024-04-11,0.02452543015041199,0.024758189977157893,0.04618703,0.027496548
2024-04-12,0.024786806119878265,0.025813142303413406,0.04614835,0.02762155
2024-04-15,0.026314227567575045,0.02600069894611441,0.046085864,0.02773402
2024-04-16,0.02654477837559169,0.027694006775356158,0.046054054,0.027848214
2024-04-17,0.02697356624830985,0.02783266865765176,0.046014883,0.02804013
2024-04-18,0.026603724779748837,0.028197650363312593,0.045993276,0.02816628
2024-04-19,0.026792116344880254,0.027665161741407356,0.046028696,0.028085908
2024-04-22,0.026993297903994747,0.027802972863302234,0.04603339,0.027739445
2024-04-23,0.021981537629855066,0.028010659968495444,0.046033118,0.027244331
2024-04-24,0.02117659970138926,0.02221373006575716,0.04609257,0.026972814
2024-04-25,0.021132677722086247,0.021494449255881294,0.04616457,0.026598321
2024-04-26,0.021172839068130223,0.021670981617613203,0.0463037,0.025964448
2024-04-29,0.021575944799046034,0.02195419504775303,0.046405576,0.025629772
2024-04-30,0.021627701858171363,0.022662219817107317,0.046501584,0.02582277
2024-05-01,0.021635937694321754,0.022738973128207485,0.046628673,0.026350357
2024-05-02,0.021850357124388636,0.022729790532854604,0.04675599,0.02688451
2024-05-03,0.021832475931045925,0.02295588254650301,0.046886627,0.027286904
2024-05-06,0.021387154879298407,0.0229070473414739,0.04698139,0.02759027
2024-05-07,0.0202925873774349,0.02238330518034451,0.047043063,0.027828721
2024-05-08,0.02024030919597711,0.021132410106487184,0.047029912,0.027911725
2024-05-09,0.020111765171761505,0.02112927050473794,0.04703515,0.027768826
2024-05-10,0.018571206920556294,0.0210494493213952,0.047065727,0.027479755
2024-05-13,0.018516769196682884,0.019347495031196475,0.04706087,0.027260637
2024-05-14,0.014876730754568378,0.01940434961704614,0.047038365,0.026984015
2024-05-15,0.01424582821715337,0.015286676812649213,0.046995718,0.026680527
2024-05-16,0.013253974262737602,0.014787567982826226,0.046951976,0.02605382
2024-05-17,0.013364702857396337,0.013893856058044947,0.04692958,0.025257293
2024-05-20,0.01491126902972386,0.014248008571519416,0.046850882,0.024712864
2024-05-21,0.013466130537358645,0.01624940998125228,0.04678474,0.024589663
2024-05-22,0.0134666982791298,0.014586725065690458,0.04673,0.024965677
2024-05-23,0.012923709058462358,0.01462426595196703,0.046658278,0.025283843
2024-05-24,0.012708595368977543,0.01399247765876225,0.046608523,0.025341079
2024-05-27,0.01592292111735972,0.013765688292766132,0.046619345,0.025150048
2024-05-28,0.015839220217153612,0.017563813889568423,0.046569075,0.024805162
2024-05-29,0.015931978303246927,0.017366375602761126,0.04651305,0.024812158
2024-05-30,0.017303611307328215,0.017375921527937557,0.046452127,0.025166627
2024-05-31,0.016988723172931968,0.018832345128475154,0.04640895,0.025563288
2024-06-03,0.017878869564362073,0.018278893332132878,0.04634877,0.02589249
2024-06-04,0.02331437122111676,0.019261483240255766,0.04632344,0.026073268
2024-06-05,0.0324638580083362,0.025440029832336952,0.046330325,0.026201287
2024-06-06,0.03416118396853455,0.03567250538707555,0.046343718,0.02696255
2024-06-07,0.034395209520179854,0.03699065058369126,0.04636798,0.029250767
2024-06-10,0.03446682049253777,0.036538201202245886,0.046389908,0.032793548
2024-06-11,0.034360385496029995,0.0359259300700584,0.04645254,0.03550654
2024-06-12,0.03445793229796902,0.03533217258448108,0.04654426,0.03651582
2024-06-13,0.03456115244690575,0.03536026440438122,0.046655703,0.036502473
2024-06-14,0.034174765529714025,0.03546056045951196,0.046782598,0.036268976
2024-06-17,0.03409494037417522,0.03500198738820938,0.046964414,0.036264095
2024-06-18,0.033319667410990406,0.03491556792930088,0.04715211,0.036320016
2024-06-19,0.0338640931953067,0.03402683491897748,0.04732141,0.036100667
2024-06-20,0.033910124970527505,0.0346958109686247,0.047503546,0.035736274
2024-06-21,0.03459170310786862,0.03477148975669027,0.047681198,0.03544072
2024-06-24,0.034666101433186346,0.03556132934863378,0.04780932,0.035305124
2024-06-25,0.03335876809836942,0.035619395735655035,0.047929768,0.035547405
2024-06-26,0.03329898422911216,0.03404989546278252,0.048055764,0.035885837
2024-06-27,0.033852123764572195,0.033996587811871225,0.048194654,0.035718054
2024-06-28,0.03378926627316903,0.03465387608687075,0.04830521,0.0350073
2024-07-01,0.03392824976005382,0.034606662848164264,0.048445594,0.033910442
2024-07-02,0.03362430868634426,0.03479819355814826,0.048541825,0.03284423
2024-07-03,0.02980296276548717,0.034418820079713766,0.048644017,0.03184214
2024-07-04,0.019462262040751507,0.029997442296920265,0.04869092,0.030975705
2024-07-05,0.016360334983319215,0.018250530413850972,0.048746992,0.029682348
2024-07-08,0.015942104576767143,0.015279512219979294,0.048761405,0.026972808
2024-07-09,0.01577151071310339,0.015537489949210073,0.04872495,0.023939708
2024-07-10,0.0158525114438387,0.016085766525943047,0.048622217,0.022272428
2024-07-11,0.015571075921136353,0.016771426824184615,0.048467595,0.02229939
2024-07-12,0.015400864160002588,0.01660391186140164,0.04828963,0.023170933
2024-07-15,0.015393014463072358,0.016446792930508373,0.04807682,0.024007453
2024-07-16,0.015601814424577788,0.01646646190849179,0.04788934,0.024523128
2024-07-17,0.015697898472904974,0.01672882274321723,0.047681466,0.024796946
2024-07-18,0.014589994987979865,0.016855884967227286,0.04744532,0.024950786
2024-07-19,0.015024973465796305,0.015579715567655977,0.047206048,0.025005778
2024-07-22,0.013252941281423073,0.01612089450898666,0.046992265,0.0248015
2024-07-23,0.013399516148023212,0.014100630087616502,0.04677237,0.024490722
2024-07-24,0.012600939545540129,0.014374455473797941,0.04656536,0.023953374
2024-07-25,0.012381100463715869,0.013557188974402992,0.046350867,0.023365734
2024-07-26,0.010526448072259985,0.013393627597716954,0.046200126,0.022873154
2024-07-29,0.00873025878177319,0.011373927979807855,0.046073567,0.022651438
2024-07-30,0.0076502141849124905,0.009425805379468489,0.045965124,0.02247332
2024-07-31,0.007341270066136428,0.008384532283916918,0.045866814,0.022229474
2024-08-01,0.0074051241552544715,0.008243835283734319,0.045769576,0.022023622
2024-08-02,0.0074301652457360095,0.00853638414777023,0.04567437,0.021964738
2024-08-05,0.007469222304182396,0.00870280242374568,0.04555994,0.022076529
2024-08-06,0.012802320115886216,0.008805961250075267,0.045505177,0.022249125
2024-08-07,0.013277045572976941,0.014960896271325306,0.045437835,0.022254024
2024-08-08,0.013279243439282587,0.015280628188657852,0.045433868,0.022747064
2024-08-09,0.01329251169473155,0.015038560154042854,0.045451764,0.0235915
2024-08-12,0.013542472631258991,0.014810226604445528,0.045482896,0.024222404
2024-08-13,0.013928560558044473,0.014855583187403872,0.045513578,0.024478626
2024-08-14,0.01379246851816274,0.015270074783928389,0.045571193,0.02437287
2024-08-15,0.013755054747657022,0.01508651425551334,0.045628585,0.024161633
2024-08-16,0.013838472323200984,0.015022535140068974,0.045685586,0.02396633
2024-08-19,0.013672597030163708,0.015099932706588931,0.045761377,0.023861399
2024-08-20,0.013550474397253539,0.014896687922669783,0.0457846,0.023881398
2024-08-21,0.013995615101601138,0.01476711110694966,0.045725897,0.023953818
2024-08-22,0.014600152497205065,0.015289999747802391,0.04559567,0.024097383
2024-08-23,0.014667597429022067,0.015976276312364257,0.045468614,0.024350174
2024-08-26,0.015707264212652026,0.016021515911133898,0.045357104,0.02473631
2024-08-27,0.015928656366887586,0.017177061525101074,0.045215577,0.025197223
2024-08-28,0.01596697828549805,0.017340356834605112,0.045113932,0.025706777
2024-08-29,0.01595034635059278,0.0173014362502622,0.045070067,0.026114753
2024-08-30,0.01607082097689602,0.017222507462504987,0.04499288,0.026205488
2024-09-02,0.0161325524397585,0.017304967064610065,0.044833932,0.02601778
2024-09-03,0.016291886050159486,0.017358141555055794,0.04472542,0.025667213
2024-09-04,0.01188679290319662,0.017530429344772114,0.044607036,0.025274498
2024-09-05,0.011618817089569683,0.012438704827869611,0.044545196,0.024902219
2024-09-06,0.011616663796316573,0.012300067060744711,0.04446407,0.024077483
2024-09-09,0.01145463328011592,0.012484167408912467,0.04441248,0.022946365
2024-09-10,0.01133088332595391,0.01248673596891379,0.04436516,0.02230532
2024-09-11,0.01101611240667559,0.012546895478846208,0.044332366,0.02216459
2024-09-12,0.01100545732366046,0.01220816674370248,0.044264175,0.022261148
2024-09-13,0.010662616972771325,0.012222004433930858,0.044177953,0.022436755
2024-09-16,0.01081545413610826,0.011853429356487913,0.044028282,0.02263307
2024-09-17,0.01054478396973665,0.012063603864099229,0.043898255,0.022813423
2024-09-18,0.011534048184473298,0.011774252294533062,0.04372919,0.022973927
2024-09-19,0.01126567427013882,0.012934727903284461,0.04353991,0.02308283
2024-09-20,0.010509728136315108,0.012604071133617263,0.04337196,0.02321857
2024-09-23,0.011127224091745535,0.011708771597039725,0.043165658,0.023389384
2024-09-24,0.01079750109397734,0.01243429884869637,0.04298255,0.02346645
2024-09-25,0.010243442059866506,0.01203119284653098,0.04277617,0.023490533
2024-09-26,0.01044502485020066,0.011425174848800852,0.042616878,0.023502223
2024-09-27,0.010346500417766602,0.011701957372225102,0.042442076,0.023476977
2024-09-30,0.011278902013548054,0.011592902479739297,0.04232324,0.023451572
2024-10-01,0.012253796706576588,0.01270158112875827,0.04219224,0.023471134
2024-10-02,0.012099094546115961,0.01380621458250908,0.042072527,0.023585463
2024-10-03,0.012233577617549403,0.013545192914033638,0.042003058,0.023812266
2024-10-04,0.012737277010170373,0.013632346204752639,0.041942745,0.024044393
2024-10-07,0.012756798794234511,0.014133711634662684,0.041894767,0.024195496
2024-10-08,0.01304290018434995,0.014094900975293888,0.041850954,0.024279442
2024-10-09,0.013196587797077922,0.014403149874029688,0.041846056,0.024308879
2024-10-10,0.013257080528873064,0.014540273706278613,0.041852824,0.024317965
2024-10-11,0.013248601433010038,0.014569131981858264,0.041836068,0.024331676
2024-10-14,0.015913271840204274,0.014536926888182733,0.041773073,0.024336848
2024-10-15,0.016633413599221148,0.01758576784356864,0.041795548,0.024299933
2024-10-16,0.016629258801590583,0.01829385534433094,0.04180385,0.024393346
2024-10-17,0.015822511905929988,0.01814358943358564,0.041814994,0.024668284
2024-10-18,0.01531373821107005,0.017071231749452936,0.0418259,0.024932928
2024-10-21,0.014758719543405593,0.016376116378972454,0.04188549,0.024982454
2024-10-22,0.013291772186145343,0.015760417718647685,0.041915223,0.024825139
2024-10-23,0.013163747636771427,0.014147264280933132,0.041940097,0.024582343
2024-10-24,0.013258234562445013,0.01413854902763953,0.042071227,0.024267817
2024-10-25,0.013185554935415674,0.014357772320111284,0.042107295,0.023955451
2024-10-28,0.01312681946628299,0.014358977048110013,0.04214034,0.023746321
2024-10-29,0.01272416561959304,0.01435617735750491,0.042095434,0.023657633
2024-10-30,0.012125468635996766,0.013898267870549201,0.042158328,0.02364199
2024-10-31,0.012052677461505736,0.013226388408640708,0.04218643,0.023615438
2024-11-01,0.011947046747123288,0.013189902135718886,0.042260457,0.023537068
2024-11-04,0.011518663337710127,0.013115558306020516,0.0423055,0.023455461
2024-11-05,0.011519585285293505,0.012671390241068087,0.04237867,0.023413764
2024-11-06,0.011275550348659376,0.01272321924334797,0.04242194,0.023366185
2024-11-07,0.012143309632392827,0.012467767715816817,0.042438563,0.023281315
2024-11-08,0.012242215431452938,0.013500598025613477,0.042486437,0.023151366
2024-11-11,0.012461495682439205,0.013606685585080151,0.042492256,0.023077177
2024-11-12,0.008902925582679464,0.013829414719835113,0.042490683,0.023088783
2024-11-13,0.006923052559786365,0.009528878665610167,0.007315432,0.009377779
2024-11-14,0.006926551458338044,0.007346616324967019,0.007358084,0.00904342
2024-11-15,0.006888207049174745,0.0075728655129603615,0.0072915163,0.008175319
2024-11-18,0.006919770927427783,0.007754864758638788,0.0073277405,0.0072430302
2024-11-19,0.00803051029056859,0.00802818139781373,0.007170181,0.0067093745
2024-11-20,0.008047671915578192,0.009394980616850172,0.006853662,0.0065901303
2024-11-21,0.008139847261194039,0.009369686219008754,0.0064931014,0.006794041
2024-11-22,0.008828855885304996,0.009430001275706583,0.006268203,0.007090536
2024-11-25,0.00931496632550825,0.01017323742566513,0.0060540624,0.007282373
2024-11-26,0.0098121322634281,0.010654583062426675,0.0060237274,0.007381903
2024-11-27,0.010029041582659621,0.01117486903536525,0.0058927587,0.0074705547
2024-11-28,0.010362842939626363,0.011351513544583053,0.0059002806,0.007545364
2024-11-29,0.010437444082136007,0.011657597787882303,0.00595653,0.0076367394
2024-12-02,0.010764197046061592,0.011679432440003294,0.005845633,0.007661153
2024-12-03,0.012545241269637731,0.012009438483243531,0.0058674547,0.007618583
2024-12-04,0.012992920528419891,0.014024108458066375,0.0057229553,0.0075883875
2024-12-05,0.012720449644690733,0.014434269250375536,0.0056475056,0.007835979
2024-12-06,0.012001949369871746,0.014008804943550437,0.005672851,0.008381045
2024-12-09,0.01200277669696637,0.013083457367634697,0.0057221972,0.0089654885
2024-12-10,0.0135701418345547,0.01303229397157643,0.0057855207,0.00933508
2024-12-11,0.013566282986633349,0.014863225835769758,0.005817078,0.009453624
2024-12-12,0.013629844075803674,0.01483419550080001,0.0057578124,0.009767546
2024-12-13,0.013723428032207047,0.014870789844298248,0.0058786045,0.010310739
2024-12-16,0.013845048497684148,0.01490858907108915,0.0059585823,0.0108148735
2024-12-17,0.01441404089236196,0.01497480038936836,0.0060380404,0.011073408
2024-12-18,0.01380398145152274,0.015617950455024312,0.006207997,0.011106204
2024-12-19,0.016512851656566508,0.014876754184312358,0.006459725,0.011156764
2024-12-20,0.01664489553137852,0.017992863135598832,0.0067947963,0.01120997
2024-12-23,0.02239519561283472,0.018025677977602985,0.007092602,0.011545328
2024-12-24,0.02277589768397497,0.024538933796583715,0.007387966,0.012109295
2024-12-25,0.022522935982478922,0.0246386504190622,0.0076519223,0.013383986
2024-12-26,0.023571964582697516,0.023965690261635045,0.0079721585,0.015098749
2024-12-27,0.02492847106560489,0.024919596566718463,0.008419219,0.016454017
2024-12-30,0.025163717587956876,0.026189361381774048,0.008964073,0.017191695
2024-12-31,0.02899811927279257,0.026350593655385526,0.009573402,0.017714558
2025-01-01,0.028600627726294403,0.030669690394871607,0.010155008,0.018291228
2025-01-02,0.02834395497252076,0.02993409129758272,0.010757238,0.01942074
2025-01-03,0.02835517937247485,0.029422387637762042,0.01132033,0.02081339
2025-01-06,0.028467000917352398,0.029287847463043127,0.011791289,0.02187908
2025-01-07,0.028821467418924426,0.02927872285080861,0.012196213,0.022461586
2025-01-08,0.028451417534994115,0.029706150450586635,0.01253166,0.02276141
2025-01-09,0.028523706947692993,0.02926605354066443,0.012962337,0.023091972
2025-01-10,0.028430490792980406,0.02934144222751703,0.013369525,0.023439407
2025-01-13,0.029557364186486725,0.029223322793858166,0.013752654,0.02373587
2025-01-14,0.03320396942336128,0.030521302322853962,0.014087232,0.023922509
2025-01-15,0.03415830126830927,0.034693110850474336,0.014407466,0.024137355
2025-01-16,0.034801432044246884,0.035589213442693765,0.0145462975,0.024903605
2025-01-17,0.034245212434147736,0.036089079434067264,0.014800197,0.026090922
2025-01-20,0.03444122365373091,0.035174128230612355,0.015171602,0.027098957
2025-01-21,0.03481058028461674,0.03519858253601466,0.015580668,0.027462909
2025-01-22,0.035363255026311026,0.035568368293492476,0.016093943,0.027353488
2025-01-23,0.03539660559235396,0.03617552160673705,0.016606607,0.02721376
2025-01-24,0.034809389374551164,0.03618738423260997,0.0169836,0.02738136
2025-01-27,0.035774574890821635,0.035458490152812314,0.017400345,0.027779575
2025-01-28,0.03672934609676363,0.036553737125709515,0.017863788,0.02807066
2025-01-29,0.033756404888567015,0.03761195776567778,0.018281959,0.02832608
2025-01-30,0.033724284558283586,0.03412229111018739,0.01873936,0.028849611
2025-01-31,0.033710347896465584,0.03415323596590786,0.019089019,0.029209519
2025-02-01,0.03373935806561344,0.0341816830885845,0.01936121,0.02925913
2025-02-03,0.03399518965376372,0.03430086827093575,0.019545022,0.029264513
2025-02-04,0.03635535288623233,0.034720702609812824,0.019746067,0.029381678
2025-02-05,0.03661131747533641,0.03743189715385446,0.019922711,0.029632857
2025-02-06,0.03700950465165495,0.03761454898878555,0.020115787,0.030199653
2025-02-07,0.037639534902033346,0.03794974248879031,0.020312374,0.030916672
2025-02-10,0.037229546064906464,0.038536745770443435,0.020684961,0.03146744
2025-02-11,0.03331323967716393,0.03790810925905992,0.020993719,0.031763855
2025-02-12,0.043609415990896155,0.03335186592116894,0.021237904,0.03177046
2025-02-13,0.04336359642903652,0.0453678622831719,0.021496993,0.031031812
2025-02-14,0.04320601512410169,0.04480401719171145,0.021817062,0.0314005
2025-02-17,0.0451250543119248,0.04437906852818771,0.022187458,0.0332443
2025-02-18,0.04565742553244686,0.04633885914613508,0.022746265,0.035167113
2025-02-19,0.04479278078287877,0.04645280616639756,0.023508279,0.03636973
2025-02-20,0.04481472505068651,0.04536658229300161,0.02465642,0.037027277
2025-02-21,0.048141055435868864,0.04532947922541322,0.025863398,0.03735287
2025-02-24,0.04716104225100702,0.04909655999520965,0.027260154,0.037566092
2025-02-25,0.04640164262207434,0.047835889294164324,0.028834667,0.038319744
2025-02-26,0.048682594356701456,0.0468938812097581,0.030499455,0.03965392
2025-02-27,0.04871989330682076,0.04945500902981862,0.032110207,0.040500112
2025-02-28,0.04902518242453986,0.0493315855093219,0.033676233,0.04112329
2025-03-03,0.049175696837817806,0.04965586160133103,0.0351073,0.04180883
2025-03-04,0.04938228022265655,0.04974737004335802,0.036973517,0.042483073
2025-03-05,0.04740809094864992,0.04986519020811618,0.039093014,0.04295554
2025-03-06,0.04867682082208979,0.047554811198625174,0.040947493,0.043218527
2025-03-07,0.048961846870776676,0.04907103495588816,0.042772446,0.042952374
2025-03-10,0.04773200811296244,0.049411686551148234,0.044292357,0.042517584
2025-03-11,0.04918329600006448,0.04799923829845213,0.045802824,0.042310063
2025-03-12,0.04952989741819169,0.0497405351811592,0.04717354,0.042056054
2025-03-13,0.041300079684339956,0.050062769449904856,0.048276592,0.041865814
2025-03-14,0.044852930647202194,0.04052960945089533,0.049217,0.041859318
2025-03-17,0.04456108517451904,0.044951324360985125,0.04963468,0.040660925
2025-03-18,0.04241697435260115,0.044735626471059865,0.049580015,0.03907271
2025-03-19,0.04134125825224968,0.042456739865681666,0.049310885,0.038458712
2025-03-20,0.04225674981480186,0.04151618078967361,0.048861668,0.038537875
2025-03-21,0.042266406123437864,0.04257151006426356,0.04830017,0.038416825
2025-03-24,0.041239983666884826,0.042692626736961115,0.04768169,0.038117137
2025-03-25,0.04451649743864339,0.04160588353607247,0.04697688,0.038008425
2025-03-26,0.04389799423424111,0.0454366777602156,0.04615765,0.03790787
2025-03-27,0.046128209465077966,0.044590042282390566,0.045549724,0.038385443
2025-03-28,0.047913234857045905,0.047094120173377794,0.04513417,0.03923534
2025-03-31,0.046996871740787156,0.04899110538786648,0.045027938,0.040237986
2025-04-01,0.0460811765406272,0.04765306420854719,0.045088798,0.041657843
2025-04-02,0.04701964698168354,0.046492738791012345,0.04531168,0.04269032
2025-04-03,0.047256093097520525,0.047484040150958536,0.045613766,0.04275483
2025-04-04,0.047713129898612476,0.04771978244453593,0.046613738,0.042324156
2025-04-07,0.047842488432528765,0.048274716274984704,0.0488309,0.042104945
2025-04-08,0.05316279615583451,0.048393983121124654,0.05160723,0.042318475
2025-04-09,0.054756145738580654,0.05445722785036785,0.05473734,0.04272534
2025-04-10,0.05507941737114187,0.05603512300359306,0.056736313,0.044356022
2025-04-11,0.05468948567690301,0.05609072690930618,0.058491252,0.047203522
2025-04-14,0.05251958841287712,0.055329262891278264,0.059934605,0.050032355
2025-04-15,0.0526648196600227,0.05253458556361223,0.061406657,0.051623352
2025-04-16,0.05381204814773813,0.052727427400079435,0.06298096,0.051391456
2025-04-17,0.052547652280308485,0.05413702642659792,0.06458099,0.05019519
2025-04-21,0.051934551020738656,0.052729233526703924,0.0659155,0.049471732
2025-04-22,0.054717420783464976,0.05210962391710545,0.06692653,0.049273092
2025-04-23,0.05350705076007824,0.05534217000192382,0.06719087,0.048874784
2025-04-24,0.05175651895333549,0.05385657004370565,0.06692482,0.04870147
2025-04-25,0.052588776034289506,0.051847247873106427,0.06619432,0.048843827
2025-04-28,0.04822475599055585,0.05283893440740161,0.06527662,0.048579443
2025-04-29,0.04644155414981961,0.04777526529894401,0.06429181,0.048147537
2025-04-30,0.04612450211400048,0.045991337642706104,0.06328672,0.047148906
2025-05-01,0.05265982599711062,0.04592364201068325,0.06226492,0.045513775
2025-05-02,0.052824271819296796,0.05369990640019091,0.0610773,0.043860678
2025-05-05,0.05294122285383905,0.05388507279290956,0.05983517,0.0442091
2025-05-06,0.05238907758469199,0.05382483285791648,0.058664225,0.04632252
2025-05-07,0.05715954766147815,0.05291273078230407,0.05761188,0.04842054
2025-05-08,0.05261661523355249,0.05815062503758977,0.056845885,0.04927081
2025-05-09,0.07319712285512725,0.05271840308728927,0.05643875,0.050425906
2025-05-12,0.07750813632727158,0.07646774124666411,0.056249667,0.0510658
2025-05-13,0.07910932304392267,0.08058291919928608,0.05657725,0.055894192
2025-05-14,0.07936256672404565,0.08136636862048531,0.0575749,0.06563225
2025-05-15,0.08159136677467141,0.08072797848595607,0.059421536,0.07529357
2025-05-16,0.08066146137227405,0.08216582911963209,0.062048927,0.08009815
2025-05-19,0.08060721676461967,0.08073271718384796,0.06516957,0.08092238
2025-05-20,0.08075897275068217,0.08053101846623455,0.06841707,0.080372944
2025-05-21,0.07869914328383712,0.08063641650754903,0.07143096,0.0797807
2025-05-22,0.07868836370195365,0.07819475738298629,0.074122444,0.079381004
2025-05-23,0.07937941481208725,0.07829858612401044,0.07622713,0.07826901
2025-05-26,0.0851600837947435,0.07917299959270956,0.07782495,0.07698039
2025-05-27,0.08498840229799555,0.08588652490011293,0.078857325,0.076488286
2025-05-28,0.0848968856120931,0.08549544928309594,0.07954547,0.07811078
2025-05-29,0.08489932952561476,0.08511631471294642,0.08021589,0.08072097
2025-05-30,0.08024659171649422,0.08484857455308523,0.08085316,0.08230044
2025-06-02,0.08023546897353588,0.07923982976553848,0.08159045,0.08225123
2025-06-03,0.08018453885318778,0.07942758442009892,0.08202476,0.08011831
2025-06-04,0.07964765957642671,0.07956269570624451,0.08205861,0.0771037
2025-06-05,0.07689851080741578,0.07913557378937225,0.08160046,0.07453617
2025-06-06,0.07695877702856455,0.07617922805286771,0.08073276,0.07244951
2025-06-09,0.05710631907757979,0.0763852078731461,0.07939087,0.06986138
2025-06-10,0.04981536813931383,0.05361695995706469,0.077812724,0.06749229
2025-06-11,0.046159285300696594,0.046182667253775025,0.07580315,0.061885744
2025-06-12,0.04688067985785693,0.04322862360041542,0.07326143,0.05418641
2025-06-13,0.044431617888206015,0.045363618994095585,0.07030649,0.049220372
2025-06-16,0.04957653235876148,0.04381339763943903,0.06717717,0.047644373
2025-06-17,0.05011141816885307,0.0502909671890106,0.06410311,0.04776506
2025-06-18,0.05045668970017204,0.050925296197110455,0.06132779,0.04880457
2025-06-19,0.050905167741026776,0.051164180039667224,0.059050728,0.051135518
2025-06-20,0.05100447796707903,0.051537919027333345,0.057739515,0.053193778
2025-06-23,0.04909172002778498,0.05138621004206309,0.05686075,0.054898977
2025-06-24,0.039001166493865425,0.04912606059532465,0.056308422,0.05581342
2025-06-25,0.04174825593137674,0.037536222973629144,0.056092598,0.05537484
2025-06-26,0.04124484781063123,0.04119853449885631,0.05578657,0.05141849
2025-06-27,0.043874623512956214,0.0410137340762174,0.055273164,0.046156455
2025-06-30,0.044792427036712726,0.044468680666243716,0.054284766,0.042656522
2025-07-01,0.045534706465472814,0.04575679145862575,0.052972745,0.04176809
2025-07-02,0.04510154201182036,0.046377308464588506,0.05170243,0.0424486
2025-07-03,0.0428945707451458,0.04572619634157317,0.050482422,0.04360913
2025-07-04,0.04459758675049142,0.043026054737163845,0.049830746,0.044624362
2025-07-07,0.0453664618322135,0.04504042253607604,0.049141925,0.04511119
2025-07-08,0.04819939448362031,0.04594309784277456,0.048988946,0.045898415
2025-07-09,0.04879315131189149,0.0492254624815073,0.04905512,0.04729628
2025-07-10,0.04860499209541163,0.04978194059085054,0.049236376,0.049272668
2025-07-11,0.04796348943296814,0.04931660235954998,0.049458653,0.050836075
2025-07-14,0.04728008600674205,0.04840718631105089,0.04974937,0.051115252
2025-07-15,0.04160827110336423,0.04750917805965324,0.050095715,0.050332416
2025-07-16,0.04125528233406296,0.04100457540274536,0.05044799,0.049281515
2025-07-17,0.03988977364611158,0.0409019712052978,0.050504323,0.0471393
2025-07-18,0.039013705115767745,0.03963853567227455,0.05011002,0.044304393
2025-07-21,0.03935671210571331,0.03897059351544329,0.049475726,0.042219397
2025-07-22,0.03944551662330036,0.039717331782781036,0.04857114,0.04072495
2025-07-23,0.03741888631612808,0.039917355179366405,0.047718864,0.039915435
2025-07-24,0.0346913318484732,0.03765805625726449,0.047048297,0.039736427
2025-07-25,0.03453791901801287,0.03461618620658348,0.046721857,0.039586447
2025-07-28,0.031026401479380884,0.03462298120599329,0.046437923,0.038713064
2025-07-29,0.030418464531639433,0.030776898598084145,0.046189517,0.037531182
2025-07-30,0.03068066063304343,0.030433342411828795,0.045863993,0.036289692
2025-07-31,0.037897646556992855,0.031034102072950428,0.04537038,0.03528738
2025-08-01,0.039998318792772755,0.03953164125715876,0.044749707,0.034501567
2025-08-04,0.03761327558969984,0.04181497715369264,0.044132464,0.035100292
2025-08-05,0.0434833662166064,0.038686390047811874,0.043627422,0.03653133
2025-08-06,0.04314196495211523,0.0451562685720443,0.04309175,0.037753444
2025-08-07,0.041660006582722044,0.04422346582724143,0.042548217,0.038589444
2025-08-08,0.04485905468501688,0.04229418496330945,0.042304356,0.039587464
2025-08-11,0.04481473009719455,0.04591607027722871,0.0422382,0.04000903
2025-08-12,0.0449618288140557,0.04556052466832139,0.042365897,0.040248632
2025-08-13,0.04530313685669737,0.04567484889586297,0.042551804,0.040386613
2025-08-14,0.04612826825358603,0.04599242560178682,0.04272849,0.04019633
2025-08-15,0.04597132527600776,0.046789888900302806,0.042949498,0.039797515
2025-08-18,0.047013899592433905,0.04655423536936894,0.043242674,0.039576516
2025-08-19,0.04834458359592263,0.0477067373334061,0.04359006,0.03974725
2025-08-20,0.04953040257932139,0.04915340852421132,0.04401689,0.04022761
2025-08-21,0.049483384884391725,0.0503910557069873,0.044377595,0.041219044
2025-08-22,0.050415259226230774,0.05019112213437439,0.04469027,0.042524435
2025-08-25,0.05041390946267289,0.05111528731479954,0.044767622,0.043533757
2025-08-26,0.05126148833860507,0.05096675041972669,0.044851296,0.044118643
2025-08-27,0.050466562535229784,0.05185357525662179,0.044873435,0.044063393
2025-08-28,0.049416546462874376,0.05085893750850789,0.044769406,0.043572076
2025-08-29,0.042143770140851536,0.04960159820721499,0.04457396,0.042694386
2025-09-01,0.04702416639392814,0.04124985919858312,0.044438466,0.041471615
2025-09-02,0.04640325280486763,0.04722705532950592,0.04393282,0.03877776
2025-09-03,0.0388218795880965,0.0466876994498596,0.04334999,0.036808625
2025-09-04,0.038212772950687875,0.03811142393697283,0.042729847,0.036492478
2025-09-05,0.03842062965037531,0.037856271626062005,0.041835684,0.036071658
2025-09-08,0.03561432301724124,0.038262819385981396,0.040901586,0.03487668
2025-09-09,0.03684309345990238,0.035388881621493506,0.039871134,0.03396863
2025-09-10,0.03732693546847514,0.03726305046475965,0.038770933,0.033527184
2025-09-11,0.037909227621280614,0.03790641521234636,0.03758454,0.033610597
2025-09-12,0.03796005476563761,0.03861721801043965,0.036813974,0.034111705
2025-09-15,0.03701944023476769,0.03869912160104811,0.03623302,0.034709707
2025-09-16,0.036792638986991505,0.03751715633074969,0.035618816,0.03501856
2025-09-17,0.03701645930600309,0.037250190485855976,0.035007138,0.034790788
2025-09-18,0.03559456698320837,0.037533273161820466,0.03454113,0.034294248
2025-09-19,0.03670312519202717,0.035933320580382594,0.034109596,0.033689342
2025-09-22,0.03605687742347968,0.03731500587449126,0.033661403,0.033099055
2025-09-23,0.03664522374333735,0.03658584205707232,0.033116344,0.03270627
2025-09-24,0.039818864192423926,0.0372988742149203,0.0325586,0.032511592
2025-09-25,0.039883792748573926,0.04097865308595308,0.032125752,0.032503974
2025-09-26,0.039956545752254935,0.040878236753639885,0.031889625,0.033087544
2025-09-29,0.039712182549712094,0.04083061729182235,0.031818483,0.03424182
2025-09-30,0.03321931458760926,0.0403866353078906,0.03200451,0.03523055
2025-10-01,0.032198265725309115,0.032768191167981166,0.032390628,0.03571489
